ID,Role,Seats,Source_Lat,Source_Lng,Destination_Lat,Destination_Lng,Threshold
usr1,driver,4,12.933127,77.622134,12.803825,77.526228,10
usr2,driver,5,13.079441,77.663329,12.919118,77.502695,13
usr3,driver,4,13.049602,77.657074,12.978037,77.512814,23
usr4,driver,5,12.919118,77.502695,12.958821,77.500303,38
usr5,driver,3,13.067113,77.677192,12.913532,77.593227,24
usr6,driver,4,13.055094,77.543987,12.948609,77.515668,22
usr7,driver,4,12.94,77.635088,13.091226,77.554975,17
usr8,driver,3,12.958821,77.500303,12.975836,77.678761,41
usr9,driver,3,13.095614,77.576696,13.061097,77.55131,43
usr10,driver,5,13.089878,77.5041,12.911485,77.560285,39
usr11,driver,5,13.08041,77.566656,12.966921,77.69244,45
usr12,driver,3,12.975836,77.678761,13.080983,77.582497,29
usr13,driver,5,12.937876,77.538704,12.890372,77.57158,48
usr14,driver,4,12.926438,77.533632,12.850642,77.574701,35
usr15,driver,4,13.096554,77.504818,13.048368,77.677297,36
usr16,driver,4,12.889676,77.592037,13.094786,77.568887,48
usr17,driver,3,12.912616,77.546938,12.81517,77.63828,47
usr18,driver,5,12.938791,77.533618,12.887336,77.514024,39
usr19,driver,3,12.824446,77.587474,13.023005,77.5144,13
usr20,driver,3,12.822201,77.589734,12.887582,77.617627,18
usr21,driver,4,12.921708,77.668644,13.030428,77.550716,24
usr22,driver,4,12.959652,77.614457,12.988931,77.599827,18
usr23,driver,4,13.019618,77.691384,13.089878,77.5041,35
usr24,driver,5,13.050347,77.541281,12.907503,77.610438,22
usr25,driver,4,12.817636,77.661581,12.94494,77.606305,14
usr26,driver,5,12.985219,77.505908,12.811946,77.633176,16
usr27,driver,4,13.080983,77.582497,12.906775,77.54912,45
usr28,driver,5,12.992724,77.52546,12.976855,77.564725,36
usr29,driver,4,13.023795,77.540505,12.986842,77.593505,48
usr30,driver,5,12.975736,77.525648,12.915646,77.603997,31
usr31,driver,4,13.042782,77.515834,12.916329,77.624339,28
usr32,driver,3,12.94742,77.627002,12.806569,77.693674,24
usr33,driver,5,12.839468,77.530329,12.975736,77.525648,40
usr34,driver,3,13.049101,77.597787,12.813302,77.529995,31
usr35,driver,3,12.969096,77.661837,12.945237,77.616468,16
usr36,driver,3,13.080234,77.513613,12.887245,77.546913,46
usr37,driver,3,12.802643,77.57849,13.013211,77.534638,26
usr38,driver,3,12.822298,77.601566,13.07931,77.645473,33
usr39,driver,3,12.856896,77.568996,13.003801,77.562708,37
usr40,driver,5,12.967568,77.683774,12.966921,77.69244,16
usr41,driver,4,13.080234,77.513613,12.860181,77.664269,18
usr42,driver,3,12.981725,77.68734,12.94742,77.627002,42
usr43,driver,4,12.866501,77.695318,12.93111,77.633146,22
usr44,driver,4,12.977913,77.561451,13.099799,77.624147,11
usr45,driver,5,12.811129,77.698729,12.873603,77.517612,37
usr46,driver,5,12.832469,77.513913,13.073573,77.517304,36
usr47,driver,3,13.066085,77.56403,13.035382,77.675432,45
usr48,driver,5,13.074393,77.528495,13.091016,77.644095,40
usr49,driver,3,12.98756,77.507487,12.850379,77.519474,27
usr50,driver,5,12.803825,77.526228,12.981725,77.68734,41
usr51,driver,5,13.003557,77.507044,12.994828,77.583794,37
usr52,driver,5,12.998054,77.53965,12.885352,77.683991,24
usr53,driver,4,13.021887,77.570537,12.847295,77.540229,30
usr54,driver,4,13.079441,77.663329,12.986842,77.593505,42
usr55,driver,3,13.013404,77.671514,12.987229,77.673165,24
usr56,driver,3,12.966515,77.552974,12.919118,77.502695,25
usr57,driver,5,12.992724,77.52546,13.019819,77.653167,12
usr58,driver,3,13.04152,77.660185,12.960407,77.697993,42
usr59,driver,5,12.865323,77.524014,12.986366,77.568639,21
usr60,driver,3,13.013157,77.527003,12.978094,77.690409,24
usr61,driver,3,13.091775,77.523159,13.050266,77.690502,42
usr62,driver,5,13.091965,77.556137,12.852465,77.513216,34
usr63,driver,3,13.051141,77.524305,12.926752,77.682761,48
usr64,driver,3,13.003643,77.591859,12.942862,77.611891,42
usr65,driver,4,12.980054,77.515021,13.035382,77.675432,50
usr66,driver,4,13.082934,77.601524,12.916329,77.624339,29
usr67,driver,4,12.835343,77.52649,12.915168,77.550537,37
usr68,driver,5,12.930753,77.692782,12.885352,77.683991,44
usr69,driver,3,12.899098,77.548898,12.889676,77.592037,25
usr70,driver,5,12.949873,77.651884,12.893603,77.62226,16
usr71,driver,3,12.837863,77.574475,13.055378,77.579541,33
usr72,driver,4,13.01535,77.574302,13.003557,77.507044,41
usr73,driver,4,12.997021,77.539313,12.943265,77.503238,17
usr74,driver,5,13.086381,77.60368,12.802643,77.57849,24
usr75,driver,5,12.983195,77.632012,12.806742,77.542764,47
usr76,driver,3,12.990268,77.564466,12.893128,77.589002,18
usr77,driver,4,12.911196,77.532243,12.862649,77.633324,11
usr78,driver,4,13.036116,77.517485,12.800641,77.523582,49
usr79,driver,3,12.965518,77.53392,12.814962,77.561086,24
usr80,driver,5,12.817421,77.622055,13.036116,77.517485,13
usr81,driver,4,13.038856,77.608111,13.091226,77.554975,15
usr82,driver,4,13.084073,77.56253,12.906575,77.559482,15
usr83,driver,3,12.809929,77.652142,12.961194,77.692169,20
usr84,driver,3,12.806569,77.693674,12.943626,77.555006,25
usr85,driver,4,12.851271,77.690051,12.931194,77.682078,38
usr86,driver,3,13.051141,77.524305,13.060926,77.593141,49
usr87,driver,3,12.826228,77.607339,13.026333,77.537369,29
usr88,driver,3,13.095614,77.576696,12.853743,77.565789,42
usr89,driver,4,12.959652,77.614457,13.001172,77.585963,36
usr90,driver,3,12.899098,77.548898,12.948553,77.590229,21
usr91,driver,3,12.836365,77.602207,12.949174,77.643464,46
usr92,driver,5,12.963649,77.519375,13.073573,77.517304,48
usr93,driver,4,12.8589,77.527788,12.837327,77.542558,30
usr94,driver,4,13.08317,77.661339,13.015547,77.648021,31
usr95,driver,3,12.814962,77.561086,13.03844,77.522852,38
usr96,driver,4,12.930753,77.692782,12.936178,77.637187,35
usr97,driver,5,12.926438,77.533632,13.034105,77.503614,22
usr98,driver,5,12.866246,77.557248,12.927279,77.533537,19
usr99,driver,5,12.820555,77.697051,12.869451,77.695932,35
usr100,driver,5,13.023005,77.5144,13.084878,77.643352,24
usr101,rider,0,13.03768,77.589714,12.890372,77.57158,0
usr102,rider,0,12.847708,77.544107,12.847295,77.540229,0
usr103,rider,0,12.813302,77.529995,12.994406,77.529289,0
usr104,rider,0,12.835343,77.52649,12.965518,77.53392,0
usr105,rider,0,13.018669,77.638813,12.837513,77.617061,0
usr106,rider,0,12.907503,77.610438,13.061426,77.66919,0
usr107,rider,0,12.866501,77.695318,13.051141,77.524305,0
usr108,rider,0,12.941851,77.659266,13.030428,77.550716,0
usr109,rider,0,12.930356,77.625827,12.851873,77.640962,0
usr110,rider,0,12.949992,77.644339,12.81739,77.684527,0
usr111,rider,0,12.810118,77.573505,13.086381,77.60368,0
usr112,rider,0,12.814962,77.561086,13.011971,77.553954,0
usr113,rider,0,12.865323,77.524014,12.814962,77.561086,0
usr114,rider,0,12.882782,77.6229,12.915168,77.550537,0
usr115,rider,0,12.854946,77.644473,12.84795,77.599156,0
usr116,rider,0,13.011971,77.553954,12.877012,77.650415,0
usr117,rider,0,13.056182,77.674212,12.841036,77.661798,0
usr118,rider,0,13.040891,77.501776,12.924051,77.649182,0
usr119,rider,0,12.915168,77.550537,12.981057,77.542044,0
usr120,rider,0,12.87718,77.644582,12.958821,77.500303,0
usr121,rider,0,13.026199,77.531221,12.850642,77.574701,0
usr122,rider,0,13.056182,77.674212,13.091775,77.523159,0
usr123,rider,0,12.990268,77.564466,12.949873,77.651884,0
usr124,rider,0,12.806742,77.542764,13.012065,77.500266,0
usr125,rider,0,12.81471,77.618262,13.091016,77.644095,0
usr126,rider,0,13.087944,77.671109,12.949873,77.651884,0
usr127,rider,0,12.851071,77.655093,12.976386,77.678424,0
usr128,rider,0,13.037785,77.64792,13.074451,77.608828,0
usr129,rider,0,13.013157,77.527003,13.003801,77.562708,0
usr130,rider,0,12.813566,77.521087,12.844454,77.639055,0
usr131,rider,0,13.060926,77.593141,13.06178,77.6771,0
usr132,rider,0,12.966667,77.65736,13.013211,77.534638,0
usr133,rider,0,12.813302,77.529995,12.979108,77.684331,0
usr134,rider,0,13.027622,77.67636,12.995529,77.614074,0
usr135,rider,0,13.094786,77.568887,12.954459,77.680766,0
usr136,rider,0,12.888252,77.680896,12.811129,77.698729,0
usr137,rider,0,12.844454,77.639055,12.829637,77.695074,0
usr138,rider,0,12.887336,77.514024,12.967568,77.683774,0
usr139,rider,0,12.814962,77.561086,12.929464,77.516905,0
usr140,rider,0,13.08317,77.661339,12.978244,77.516846,0
usr141,rider,0,13.048368,77.677297,13.002305,77.639331,0
usr142,rider,0,13.016683,77.627935,13.07931,77.645473,0
usr143,rider,0,12.843836,77.563631,13.07347,77.635227,0
usr144,rider,0,12.8622,77.52226,12.840393,77.622452,0
usr145,rider,0,13.021887,77.570537,13.096554,77.504818,0
usr146,rider,0,12.912769,77.537414,13.080983,77.582497,0
usr147,rider,0,12.933658,77.515017,12.827817,77.518719,0
usr148,rider,0,12.869451,77.695932,12.82459,77.647053,0
usr149,rider,0,13.011971,77.553954,13.074393,77.528495,0
usr150,rider,0,12.930468,77.567446,13.003643,77.591859,0
usr151,rider,0,13.044738,77.530464,13.055378,77.579541,0
usr152,rider,0,13.059082,77.662525,12.996158,77.692036,0
usr153,rider,0,12.827939,77.653751,12.954851,77.563264,0
usr154,rider,0,12.827102,77.602609,12.960407,77.697993,0
usr155,rider,0,13.091775,77.523159,13.094566,77.633125,0
usr156,rider,0,13.014292,77.645506,12.954851,77.563264,0
usr157,rider,0,12.888584,77.688869,12.926438,77.533632,0
usr158,rider,0,12.94,77.635088,12.914297,77.582296,0
usr159,rider,0,12.853814,77.509164,12.926438,77.533632,0
usr160,rider,0,12.813302,77.529995,12.933127,77.622134,0
usr161,rider,0,13.019618,77.691384,13.050266,77.690502,0
usr162,rider,0,12.813092,77.649059,12.954459,77.680766,0
usr163,rider,0,13.035832,77.599722,13.027622,77.67636,0
usr164,rider,0,13.099799,77.624147,13.030428,77.550716,0
usr165,rider,0,12.912769,77.537414,12.940121,77.633819,0
usr166,rider,0,13.08317,77.661339,12.971866,77.577376,0
usr167,rider,0,13.01535,77.574302,13.073226,77.518217,0
usr168,rider,0,13.050266,77.690502,12.830789,77.667351,0
usr169,rider,0,12.971866,77.577376,13.013211,77.534638,0
usr170,rider,0,12.96291,77.538572,12.93111,77.633146,0
usr171,rider,0,13.023973,77.646571,12.994828,77.583794,0
usr172,rider,0,12.899525,77.56366,12.901132,77.598738,0
usr173,rider,0,13.089203,77.640546,13.082718,77.672903,0
usr174,rider,0,12.926438,77.533632,12.875491,77.696837,0
usr175,rider,0,13.091965,77.556137,12.922542,77.567599,0
usr176,rider,0,12.889676,77.592037,12.912972,77.603173,0
usr177,rider,0,12.973676,77.512184,12.84482,77.623506,0
usr178,rider,0,13.050266,77.690502,12.800469,77.627654,0
usr179,rider,0,12.990424,77.51976,13.019618,77.691384,0
usr180,rider,0,12.945237,77.616468,12.837863,77.574475,0
usr181,rider,0,12.901969,77.680381,12.846915,77.550443,0
usr182,rider,0,12.925399,77.578483,12.906575,77.559482,0
usr183,rider,0,12.966515,77.552974,13.018356,77.514512,0
usr184,rider,0,12.837327,77.542558,12.82746,77.589672,0
usr185,rider,0,12.955038,77.667913,13.044738,77.530464,0
usr186,rider,0,12.871136,77.629996,13.035633,77.680281,0
usr187,rider,0,12.990424,77.51976,12.835343,77.52649,0
usr188,rider,0,12.820633,77.599312,13.082718,77.672903,0
usr189,rider,0,12.856896,77.568996,12.927279,77.533537,0
usr190,rider,0,12.860181,77.664269,12.877198,77.694254,0
usr191,rider,0,12.937876,77.538704,12.961194,77.692169,0
usr192,rider,0,12.981057,77.542044,13.075115,77.686354,0
usr193,rider,0,12.986366,77.568639,12.896001,77.510111,0
usr194,rider,0,13.030428,77.550716,12.881084,77.501451,0
usr195,rider,0,13.040891,77.501776,13.038856,77.608111,0
usr196,rider,0,12.924238,77.547871,12.968697,77.543538,0
usr197,rider,0,12.843531,77.660032,12.981057,77.542044,0
usr198,rider,0,13.036935,77.571928,12.843836,77.563631,0
usr199,rider,0,12.95956,77.515347,12.829637,77.695074,0
usr200,rider,0,12.883865,77.643472,13.025226,77.507171,0
usr201,rider,0,12.94,77.635088,12.882695,77.57498,0
usr202,rider,0,12.977975,77.638201,13.003557,77.507044,0
usr203,rider,0,13.074451,77.608828,13.019618,77.691384,0
usr204,rider,0,12.896001,77.510111,13.060926,77.593141,0
usr205,rider,0,13.08317,77.661339,12.966921,77.69244,0
usr206,rider,0,12.913532,77.593227,12.8589,77.527788,0
usr207,rider,0,12.961194,77.692169,12.997739,77.602132,0
usr208,rider,0,12.955481,77.602705,12.981057,77.542044,0
usr209,rider,0,13.080234,77.513613,12.914297,77.582296,0
usr210,rider,0,12.996158,77.692036,13.023978,77.668119,0
usr211,rider,0,13.062943,77.605033,12.987229,77.673165,0
usr212,rider,0,13.015952,77.517923,12.823121,77.5468,0
usr213,rider,0,13.003557,77.507044,12.82671,77.627922,0
usr214,rider,0,13.030428,77.550716,13.096554,77.504818,0
usr215,rider,0,12.899525,77.56366,12.848934,77.643801,0
usr216,rider,0,12.96291,77.538572,12.919848,77.661316,0
usr217,rider,0,12.926752,77.682761,12.839312,77.638363,0
usr218,rider,0,13.018552,77.576165,12.986672,77.592841,0
usr219,rider,0,12.916573,77.520572,12.978094,77.690409,0
usr220,rider,0,12.816469,77.559502,12.943626,77.555006,0
usr221,rider,0,13.062943,77.605033,12.978037,77.512814,0
usr222,rider,0,12.816469,77.559502,12.941121,77.551996,0
usr223,rider,0,12.971592,77.65443,13.067592,77.532889,0
usr224,rider,0,12.813302,77.529995,13.033196,77.694055,0
usr225,rider,0,12.931109,77.623714,12.854741,77.505258,0
usr226,rider,0,12.909732,77.586008,12.969129,77.618485,0
usr227,rider,0,12.943588,77.640981,12.945237,77.616468,0
usr228,rider,0,12.955038,77.667913,12.960407,77.697993,0
usr229,rider,0,12.96291,77.538572,13.015547,77.648021,0
usr230,rider,0,12.922542,77.567599,12.877198,77.694254,0
usr231,rider,0,13.074451,77.608828,12.966515,77.552974,0
usr232,rider,0,12.957799,77.548182,12.998878,77.635829,0
usr233,rider,0,12.94758,77.650387,12.847295,77.540229,0
usr234,rider,0,12.882782,77.6229,12.977913,77.561451,0
usr235,rider,0,12.94,77.635088,13.035832,77.599722,0
usr236,rider,0,12.975736,77.525648,12.960169,77.670949,0
usr237,rider,0,12.856896,77.568996,13.078696,77.675847,0
usr238,rider,0,13.099799,77.624147,12.809929,77.652142,0
usr239,rider,0,13.011971,77.553954,12.941851,77.659266,0
usr240,rider,0,12.852465,77.513216,13.014292,77.645506,0
usr241,rider,0,12.95956,77.515347,13.01174,77.632039,0
usr242,rider,0,12.966921,77.69244,12.911485,77.560285,0
usr243,rider,0,12.983246,77.567747,12.975736,77.525648,0
usr244,rider,0,12.852739,77.538484,12.933127,77.622134,0
usr245,rider,0,12.968434,77.573261,12.870576,77.565829,0
usr246,rider,0,12.883865,77.643472,12.933127,77.622134,0
usr247,rider,0,12.943626,77.555006,13.042782,77.515834,0
usr248,rider,0,13.03242,77.68635,12.908099,77.612213,0
usr249,rider,0,13.072767,77.539939,13.030428,77.550716,0
usr250,rider,0,12.933658,77.515017,12.872114,77.559652,0
usr251,rider,0,12.960169,77.670949,13.01113,77.503306,0
usr252,rider,0,13.05474,77.607653,12.960407,77.697993,0
usr253,rider,0,13.067592,77.532889,12.82459,77.647053,0
usr254,rider,0,12.814962,77.561086,12.998054,77.53965,0
usr255,rider,0,12.832261,77.537891,13.090316,77.593597,0
usr256,rider,0,13.086679,77.638631,12.893603,77.62226,0
usr257,rider,0,12.853814,77.509164,12.936178,77.637187,0
usr258,rider,0,12.883865,77.643472,13.091226,77.554975,0
usr259,rider,0,13.01113,77.503306,12.966921,77.69244,0
usr260,rider,0,12.915646,77.603997,12.813302,77.529995,0
usr261,rider,0,12.945688,77.654279,12.999263,77.685618,0
usr262,rider,0,12.924051,77.649182,12.922542,77.567599,0
usr263,rider,0,13.062943,77.605033,12.810118,77.573505,0
usr264,rider,0,13.037912,77.685963,12.867148,77.527585,0
usr265,rider,0,13.014292,77.645506,12.932308,77.504903,0
usr266,rider,0,12.870031,77.620879,12.890437,77.517626,0
usr267,rider,0,12.980054,77.515021,12.951056,77.660698,0
usr268,rider,0,13.091226,77.554975,12.866246,77.557248,0
usr269,rider,0,13.09903,77.640019,13.050347,77.541281,0
usr270,rider,0,13.080983,77.582497,12.990076,77.558227,0
usr271,rider,0,13.018669,77.638813,12.942194,77.56726,0
usr272,rider,0,13.010622,77.678157,13.080983,77.582497,0
usr273,rider,0,12.874539,77.624484,12.839468,77.530329,0
usr274,rider,0,12.916191,77.500249,12.981057,77.542044,0
usr275,rider,0,13.040891,77.501776,12.985219,77.505908,0
usr276,rider,0,12.980054,77.515021,12.933127,77.622134,0
usr277,rider,0,12.873603,77.517612,13.015547,77.648021,0
usr278,rider,0,12.969096,77.661837,13.075115,77.686354,0
usr279,rider,0,12.915168,77.550537,12.971592,77.65443,0
usr280,rider,0,12.942194,77.56726,12.957799,77.548182,0
usr281,rider,0,12.957799,77.548182,13.021162,77.556047,0
usr282,rider,0,13.062943,77.605033,12.851873,77.640962,0
usr283,rider,0,13.023795,77.540505,12.839312,77.638363,0
usr284,rider,0,12.922542,77.567599,13.011951,77.637189,0
usr285,rider,0,12.963403,77.631261,13.061552,77.607132,0
usr286,rider,0,12.999263,77.685618,12.992724,77.52546,0
usr287,rider,0,12.966921,77.69244,12.986366,77.568639,0
usr288,rider,0,12.869451,77.695932,13.03713,77.613987,0
usr289,rider,0,13.050266,77.690502,12.995529,77.614074,0
usr290,rider,0,12.851071,77.655093,12.832054,77.604902,0
usr291,rider,0,12.895707,77.657225,12.850642,77.574701,0
usr292,rider,0,12.850205,77.639103,13.074451,77.608828,0
usr293,rider,0,13.025226,77.507171,12.882695,77.57498,0
usr294,rider,0,12.925399,77.62352,12.948553,77.590229,0
usr295,rider,0,13.02221,77.571493,12.8589,77.527788,0
usr296,rider,0,12.911196,77.532243,13.016427,77.598688,0
usr297,rider,0,13.091965,77.556137,13.089878,77.5041,0
usr298,rider,0,13.066085,77.56403,13.080063,77.584611,0
usr299,rider,0,12.883865,77.643472,12.918032,77.681319,0
usr300,rider,0,12.862198,77.673988,12.901132,77.598738,0
usr301,rider,0,12.963403,77.631261,12.980054,77.515021,0
usr302,rider,0,12.900586,77.678146,12.809929,77.652142,0
usr303,rider,0,13.048368,77.677297,12.904188,77.647566,0
usr304,rider,0,12.86419,77.642011,13.069224,77.613369,0
usr305,rider,0,12.951362,77.651133,12.955481,77.602705,0
usr306,rider,0,12.822201,77.589734,12.901969,77.680381,0
usr307,rider,0,12.839312,77.638363,12.966925,77.586425,0
usr308,rider,0,12.879414,77.519725,12.965518,77.53392,0
usr309,rider,0,12.936178,77.637187,12.871136,77.629996,0
usr310,rider,0,12.995664,77.507223,13.01174,77.632039,0
usr311,rider,0,12.92877,77.572831,13.001172,77.585963,0
usr312,rider,0,12.969129,77.618485,12.82459,77.647053,0
usr313,rider,0,12.865323,77.524014,12.894673,77.532481,0
usr314,rider,0,12.894673,77.532481,12.849816,77.533656,0
usr315,rider,0,12.853743,77.565789,12.820555,77.697051,0
usr316,rider,0,12.912769,77.537414,12.802469,77.560355,0
usr317,rider,0,12.890705,77.51832,12.865323,77.524014,0
usr318,rider,0,12.857611,77.574759,13.010622,77.678157,0
usr319,rider,0,13.094786,77.568887,13.09903,77.640019,0
usr320,rider,0,12.916191,77.500249,12.893396,77.510546,0
usr321,rider,0,13.080063,77.584611,12.88827,77.597806,0
usr322,rider,0,12.887582,77.617627,13.091658,77.554168,0
usr323,rider,0,13.07347,77.635227,12.928982,77.541468,0
usr324,rider,0,12.949992,77.644339,12.997021,77.539313,0
usr325,rider,0,13.011971,77.553954,12.901969,77.680381,0
usr326,rider,0,12.826228,77.607339,12.94758,77.650387,0
usr327,rider,0,12.962212,77.56802,13.021549,77.558978,0
usr328,rider,0,12.94758,77.650387,12.926438,77.533632,0
usr329,rider,0,13.030344,77.641363,12.853743,77.565789,0
usr330,rider,0,13.043604,77.515228,12.82459,77.647053,0
usr331,rider,0,12.814962,77.561086,13.018356,77.514512,0
usr332,rider,0,13.023795,77.540505,12.921467,77.567841,0
usr333,rider,0,13.099151,77.579035,12.967568,77.683774,0
usr334,rider,0,13.036935,77.571928,12.850379,77.519474,0
usr335,rider,0,13.08041,77.566656,12.866773,77.688478,0
usr336,rider,0,13.08317,77.661339,13.074451,77.608828,0
usr337,rider,0,12.896747,77.541167,12.888252,77.680896,0
usr338,rider,0,13.072326,77.536832,12.851071,77.655093,0
usr339,rider,0,12.972016,77.615506,13.055378,77.579541,0
usr340,rider,0,13.034105,77.503614,13.02221,77.571493,0
usr341,rider,0,13.095614,77.576696,12.924051,77.649182,0
usr342,rider,0,12.843531,77.660032,13.038856,77.608111,0
usr343,rider,0,12.94,77.635088,12.95956,77.515347,0
usr344,rider,0,13.034105,77.503614,12.874101,77.685105,0
usr345,rider,0,13.081931,77.53855,12.986982,77.547003,0
usr346,rider,0,13.049602,77.657074,12.978476,77.56454,0
usr347,rider,0,13.016427,77.598688,12.945688,77.654279,0
usr348,rider,0,12.995529,77.614074,13.096554,77.504818,0
usr349,rider,0,12.806607,77.665879,12.901969,77.680381,0
usr350,rider,0,12.930468,77.567446,12.951056,77.660698,0
usr351,rider,0,12.985219,77.505908,12.978094,77.690409,0
usr352,rider,0,12.945624,77.531241,12.839468,77.530329,0
usr353,rider,0,12.990424,77.51976,12.956483,77.687867,0
usr354,rider,0,12.969129,77.618485,13.073573,77.517304,0
usr355,rider,0,13.081931,77.53855,13.018356,77.514512,0
usr356,rider,0,12.852465,77.513216,12.990076,77.558227,0
usr357,rider,0,12.860875,77.519918,12.955038,77.667913,0
usr358,rider,0,13.019618,77.691384,12.986672,77.592841,0
usr359,rider,0,12.977975,77.638201,12.899098,77.548898,0
usr360,rider,0,13.093613,77.652401,12.968193,77.671522,0
usr361,rider,0,13.035382,77.675432,13.023005,77.5144,0
usr362,rider,0,12.999263,77.685618,12.816469,77.559502,0
usr363,rider,0,12.900586,77.678146,12.850379,77.519474,0
usr364,rider,0,13.074856,77.635123,12.966667,77.65736,0
usr365,rider,0,12.82459,77.647053,12.987229,77.673165,0
usr366,rider,0,12.969096,77.661837,12.95956,77.515347,0
usr367,rider,0,12.845325,77.508084,13.021162,77.556047,0
usr368,rider,0,12.879414,77.519725,13.056182,77.674212,0
usr369,rider,0,12.815499,77.52195,12.966925,77.586425,0
usr370,rider,0,12.908099,77.612213,12.914297,77.582296,0
usr371,rider,0,12.966925,77.586425,13.081931,77.53855,0
usr372,rider,0,12.824446,77.587474,13.035832,77.599722,0
usr373,rider,0,12.986842,77.593505,12.830904,77.622866,0
usr374,rider,0,12.802643,77.57849,12.988931,77.599827,0
usr375,rider,0,13.08524,77.668977,13.001172,77.585963,0
usr376,rider,0,12.894673,77.532481,13.026199,77.531221,0
usr377,rider,0,12.851071,77.655093,12.931109,77.623714,0
usr378,rider,0,13.014422,77.534176,13.018552,77.576165,0
usr379,rider,0,13.091965,77.556137,13.074393,77.528495,0
usr380,rider,0,13.010622,77.678157,12.893603,77.62226,0
usr381,rider,0,13.099799,77.624147,13.064911,77.541918,0
usr382,rider,0,12.815987,77.656597,12.840393,77.622452,0
usr383,rider,0,12.945688,77.654279,12.804926,77.589245,0
usr384,rider,0,12.81739,77.684527,12.94,77.635088,0
usr385,rider,0,12.904188,77.647566,12.995664,77.507223,0
usr386,rider,0,12.911485,77.560285,13.03844,77.522852,0
usr387,rider,0,12.830789,77.667351,12.837863,77.574475,0
usr388,rider,0,12.941121,77.551996,12.896747,77.541167,0
usr389,rider,0,12.933127,77.622134,12.837327,77.542558,0
usr390,rider,0,12.825332,77.511128,13.023795,77.540505,0
usr391,rider,0,12.935854,77.592194,12.925399,77.62352,0
usr392,rider,0,12.882782,77.6229,12.913532,77.593227,0
usr393,rider,0,12.856338,77.534653,12.813566,77.521087,0
usr394,rider,0,12.885694,77.675015,12.930753,77.692782,0
usr395,rider,0,12.975736,77.525648,12.954459,77.680766,0
usr396,rider,0,12.890061,77.521407,13.016515,77.663355,0
usr397,rider,0,12.904188,77.647566,12.948553,77.590229,0
usr398,rider,0,13.015547,77.648021,12.830789,77.667351,0
usr399,rider,0,13.037912,77.685963,12.84795,77.599156,0
usr400,rider,0,13.07347,77.635227,12.820555,77.697051,0
usr401,rider,0,12.928982,77.541468,12.911196,77.532243,0
usr402,rider,0,13.037785,77.64792,12.835343,77.52649,0
usr403,rider,0,12.955481,77.602705,13.023978,77.668119,0
usr404,rider,0,13.08317,77.661339,12.956483,77.687867,0
usr405,rider,0,13.099799,77.624147,12.820555,77.697051,0
usr406,rider,0,12.978094,77.690409,13.084073,77.56253,0
usr407,rider,0,12.943626,77.555006,13.033196,77.694055,0
usr408,rider,0,13.072767,77.539939,12.806569,77.693674,0
usr409,rider,0,13.035382,77.675432,12.912972,77.603173,0
usr410,rider,0,12.972214,77.642146,13.066378,77.68469,0
usr411,rider,0,12.836715,77.639573,12.865323,77.524014,0
usr412,rider,0,13.038856,77.608111,13.03242,77.68635,0
usr413,rider,0,12.961194,77.692169,12.811946,77.633176,0
usr414,rider,0,12.86419,77.642011,12.841036,77.661798,0
usr415,rider,0,12.897032,77.604868,12.926752,77.682761,0
usr416,rider,0,12.936178,77.637187,13.044625,77.634848,0
usr417,rider,0,13.015547,77.648021,12.802643,77.57849,0
usr418,rider,0,12.922542,77.567599,13.049602,77.657074,0
usr419,rider,0,12.975736,77.525648,13.019618,77.691384,0
usr420,rider,0,12.991708,77.536358,12.811946,77.633176,0
usr421,rider,0,12.955481,77.602705,13.014292,77.645506,0
usr422,rider,0,12.968697,77.543538,12.894673,77.532481,0
usr423,rider,0,13.08524,77.668977,12.978094,77.690409,0
usr424,rider,0,12.829637,77.695074,12.847708,77.544107,0
usr425,rider,0,13.020169,77.511066,12.869451,77.695932,0
usr426,rider,0,12.839312,77.638363,12.823955,77.654568,0
usr427,rider,0,12.907911,77.529208,12.978244,77.516846,0
usr428,rider,0,12.905487,77.525908,12.854946,77.644473,0
usr429,rider,0,13.017627,77.688234,13.077488,77.579116,0
usr430,rider,0,13.013404,77.671514,12.968697,77.543538,0
usr431,rider,0,12.884359,77.646842,13.037912,77.685963,0
usr432,rider,0,12.966921,77.69244,12.963649,77.519375,0
usr433,rider,0,12.997021,77.539313,12.967568,77.683774,0
usr434,rider,0,12.893396,77.510546,12.915168,77.550537,0
usr435,rider,0,12.881084,77.501451,12.956483,77.687867,0
usr436,rider,0,13.000907,77.503694,12.985219,77.505908,0
usr437,rider,0,12.976386,77.678424,12.990268,77.564466,0
usr438,rider,0,13.023978,77.668119,13.023795,77.540505,0
usr439,rider,0,13.062943,77.605033,12.980054,77.515021,0
usr440,rider,0,13.03582,77.625682,13.038302,77.576896,0
usr441,rider,0,12.867148,77.527585,12.978476,77.56454,0
usr442,rider,0,12.94,77.635088,12.832054,77.604902,0
usr443,rider,0,13.095614,77.576696,13.029453,77.510088,0
usr444,rider,0,12.969129,77.618485,12.896747,77.541167,0
usr445,rider,0,12.97533,77.651248,12.805932,77.589612,0
usr446,rider,0,12.837513,77.617061,12.887582,77.617627,0
usr447,rider,0,12.921092,77.604185,12.969272,77.660488,0
usr448,rider,0,13.074658,77.579398,12.82746,77.589672,0
usr449,rider,0,12.943265,77.503238,12.963649,77.519375,0
usr450,rider,0,12.930356,77.625827,12.844454,77.639055,0
usr451,rider,0,13.090316,77.593597,12.927757,77.538428,0
usr452,rider,0,13.045565,77.631349,12.860181,77.664269,0
usr453,rider,0,13.01535,77.574302,12.980054,77.515021,0
usr454,rider,0,12.909732,77.586008,12.980054,77.515021,0
usr455,rider,0,13.076389,77.545516,12.824722,77.569818,0
usr456,rider,0,13.093613,77.652401,12.972016,77.615506,0
usr457,rider,0,12.921092,77.604185,12.932308,77.504903,0
usr458,rider,0,12.941851,77.659266,12.851873,77.640962,0
usr459,rider,0,13.047143,77.666312,12.912616,77.546938,0
usr460,rider,0,13.056182,77.674212,13.035832,77.599722,0
usr461,rider,0,12.954384,77.607263,13.074393,77.528495,0
usr462,rider,0,12.846915,77.550443,12.809929,77.652142,0
usr463,rider,0,13.06032,77.689545,12.940121,77.633819,0
usr464,rider,0,13.020169,77.511066,12.872114,77.559652,0
usr465,rider,0,12.936178,77.637187,12.809929,77.652142,0
usr466,rider,0,12.862334,77.687855,12.997781,77.560156,0
usr467,rider,0,12.874101,77.685105,12.888252,77.680896,0
usr468,rider,0,13.023978,77.668119,13.060926,77.593141,0
usr469,rider,0,12.908099,77.612213,12.966515,77.552974,0
usr470,rider,0,12.893603,77.62226,12.924051,77.649182,0
usr471,rider,0,12.843531,77.660032,13.03242,77.68635,0
usr472,rider,0,13.099691,77.529766,13.044625,77.634848,0
usr473,rider,0,13.074856,77.635123,12.998054,77.53965,0
usr474,rider,0,13.062943,77.605033,12.93111,77.633146,0
usr475,rider,0,13.035633,77.680281,13.073573,77.517304,0
usr476,rider,0,12.926438,77.533632,13.03713,77.613987,0
usr477,rider,0,13.094566,77.633125,13.01113,77.503306,0
usr478,rider,0,12.827102,77.602609,12.924085,77.67073,0
usr479,rider,0,13.096554,77.504818,13.021549,77.558978,0
usr480,rider,0,12.994406,77.529289,13.084073,77.56253,0
usr481,rider,0,12.976386,77.678424,12.844454,77.639055,0
usr482,rider,0,13.08524,77.668977,12.966921,77.69244,0
usr483,rider,0,13.03768,77.589714,12.968434,77.573261,0
usr484,rider,0,13.07931,77.645473,12.915646,77.603997,0
usr485,rider,0,12.914297,77.582296,12.921708,77.668644,0
usr486,rider,0,12.975736,77.525648,13.086679,77.638631,0
usr487,rider,0,12.907503,77.610438,12.927279,77.533537,0
usr488,rider,0,13.051281,77.615104,12.95827,77.641493,0
usr489,rider,0,12.856172,77.586743,12.851873,77.640962,0
usr490,rider,0,12.811946,77.633176,13.073226,77.518217,0
usr491,rider,0,12.921467,77.567841,12.912769,77.537414,0
usr492,rider,0,12.900591,77.57302,12.921092,77.604185,0
usr493,rider,0,12.817636,77.661581,13.091775,77.523159,0
usr494,rider,0,12.847295,77.540229,12.854741,77.505258,0
usr495,rider,0,12.912616,77.546938,12.938791,77.533618,0
usr496,rider,0,13.086381,77.60368,12.842006,77.564516,0
usr497,rider,0,13.05474,77.607653,12.949174,77.643464,0
usr498,rider,0,12.998054,77.53965,12.836715,77.639573,0
usr499,rider,0,13.000907,77.503694,13.091526,77.659372,0
usr500,rider,0,13.083683,77.515718,12.987229,77.673165,0
usr501,rider,0,13.003557,77.507044,12.978094,77.690409,0
usr502,rider,0,13.091016,77.644095,12.937876,77.538704,0
usr503,rider,0,12.978244,77.516846,13.03582,77.625682,0
usr504,rider,0,12.968697,77.543538,12.985219,77.505908,0
usr505,rider,0,12.966515,77.552974,13.091526,77.659372,0
usr506,rider,0,12.924238,77.547871,12.93111,77.633146,0
usr507,rider,0,12.969096,77.661837,13.076389,77.545516,0
usr508,rider,0,12.847708,77.544107,12.836562,77.663831,0
usr509,rider,0,12.852465,77.513216,12.896001,77.510111,0
usr510,rider,0,13.03713,77.613987,12.827817,77.518719,0
usr511,rider,0,12.853743,77.565789,13.044738,77.530464,0
usr512,rider,0,12.854946,77.644473,12.911393,77.537328,0
usr513,rider,0,13.045565,77.631349,13.035832,77.599722,0
usr514,rider,0,12.949873,77.651884,13.03844,77.522852,0
usr515,rider,0,12.978094,77.690409,12.837513,77.617061,0
usr516,rider,0,12.866773,77.688478,12.823121,77.5468,0
usr517,rider,0,13.067113,77.677192,12.969272,77.660488,0
usr518,rider,0,12.954851,77.563264,12.855622,77.663895,0
usr519,rider,0,12.953558,77.675836,13.018356,77.514512,0
usr520,rider,0,12.929464,77.516905,12.976855,77.564725,0
usr521,rider,0,13.018356,77.514512,13.066085,77.56403,0
usr522,rider,0,13.03713,77.613987,13.099691,77.529766,0
usr523,rider,0,13.019618,77.691384,13.086381,77.60368,0
usr524,rider,0,12.969272,77.660488,12.982707,77.58799,0
usr525,rider,0,13.067113,77.677192,12.905487,77.525908,0
usr526,rider,0,12.96808,77.5955,12.924238,77.547871,0
usr527,rider,0,12.955038,77.667913,12.845325,77.508084,0
usr528,rider,0,12.981057,77.542044,12.823121,77.5468,0
usr529,rider,0,13.078696,77.675847,12.802469,77.560355,0
usr530,rider,0,12.971866,77.577376,13.03844,77.522852,0
usr531,rider,0,13.049101,77.597787,12.963649,77.519375,0
usr532,rider,0,13.035998,77.674924,12.988931,77.599827,0
usr533,rider,0,12.908099,77.612213,13.091226,77.554975,0
usr534,rider,0,13.089878,77.5041,12.921467,77.567841,0
usr535,rider,0,12.899098,77.548898,12.955038,77.667913,0
usr536,rider,0,12.978037,77.512814,12.933658,77.515017,0
usr537,rider,0,12.897032,77.604868,12.853814,77.509164,0
usr538,rider,0,13.067408,77.628374,12.977975,77.638201,0
usr539,rider,0,12.969129,77.618485,13.035633,77.680281,0
usr540,rider,0,13.084878,77.643352,12.890705,77.51832,0
usr541,rider,0,13.089878,77.5041,13.035633,77.680281,0
usr542,rider,0,12.919848,77.661316,12.84795,77.599156,0
usr543,rider,0,12.823121,77.5468,12.869451,77.695932,0
usr544,rider,0,13.050347,77.541281,13.074856,77.635123,0
usr545,rider,0,12.895317,77.54773,12.98756,77.507487,0
usr546,rider,0,12.941121,77.551996,12.855464,77.649931,0
usr547,rider,0,12.981725,77.68734,12.96291,77.538572,0
usr548,rider,0,12.860875,77.519918,13.014422,77.534176,0
usr549,rider,0,12.935854,77.592194,12.96861,77.573096,0
usr550,rider,0,13.06032,77.689545,12.826228,77.607339,0
usr551,rider,0,12.849816,77.533656,12.856338,77.534653,0
usr552,rider,0,12.928982,77.541468,13.027622,77.67636,0
usr553,rider,0,12.995664,77.507223,13.01174,77.632039,0
usr554,rider,0,12.986982,77.547003,12.855464,77.649931,0
usr555,rider,0,12.841036,77.661798,12.931194,77.682078,0
usr556,rider,0,12.84795,77.599156,12.938791,77.533618,0
usr557,rider,0,12.860181,77.664269,12.969096,77.661837,0
usr558,rider,0,12.856896,77.568996,12.813566,77.521087,0
usr559,rider,0,13.050347,77.541281,12.810118,77.573505,0
usr560,rider,0,12.851271,77.690051,12.854946,77.644473,0
usr561,rider,0,12.802469,77.560355,12.881084,77.501451,0
usr562,rider,0,12.827102,77.602609,13.05474,77.607653,0
usr563,rider,0,13.03713,77.613987,13.077488,77.579116,0
usr564,rider,0,13.094786,77.568887,12.924238,77.547871,0
usr565,rider,0,12.853814,77.509164,12.839787,77.51786,0
usr566,rider,0,13.014422,77.534176,12.832261,77.537891,0
usr567,rider,0,13.019819,77.653167,12.908099,77.612213,0
usr568,rider,0,13.019618,77.691384,13.036935,77.571928,0
usr569,rider,0,12.931445,77.583569,12.846915,77.550443,0
usr570,rider,0,12.829637,77.695074,12.860875,77.519918,0
usr571,rider,0,12.806607,77.665879,12.864376,77.672272,0
usr572,rider,0,12.839136,77.65027,12.817421,77.622055,0
usr573,rider,0,12.864101,77.650623,13.04152,77.660185,0
usr574,rider,0,12.995664,77.507223,12.93004,77.608316,0
usr575,rider,0,12.813302,77.529995,12.997781,77.560156,0
usr576,rider,0,12.847295,77.540229,12.994905,77.659059,0
usr577,rider,0,12.941121,77.551996,12.836365,77.602207,0
usr578,rider,0,12.82746,77.589672,12.862649,77.633324,0
usr579,rider,0,12.911485,77.560285,12.885352,77.683991,0
usr580,rider,0,12.994905,77.659059,12.925399,77.578483,0
usr581,rider,0,13.051281,77.615104,13.040891,77.501776,0
usr582,rider,0,12.972016,77.615506,12.887582,77.617627,0
usr583,rider,0,12.983246,77.567747,12.927279,77.533537,0
usr584,rider,0,12.975836,77.678761,13.048368,77.677297,0
usr585,rider,0,12.915168,77.550537,12.850642,77.574701,0
usr586,rider,0,12.893603,77.62226,13.09903,77.640019,0
usr587,rider,0,12.890705,77.51832,12.956483,77.687867,0
usr588,rider,0,12.901969,77.680381,12.918032,77.681319,0
usr589,rider,0,13.099799,77.624147,13.061552,77.607132,0
usr590,rider,0,12.887336,77.514024,12.832054,77.604902,0
usr591,rider,0,12.854946,77.644473,12.975637,77.67798,0
usr592,rider,0,13.016683,77.627935,13.062943,77.605033,0
usr593,rider,0,13.059082,77.662525,13.023795,77.540505,0
usr594,rider,0,12.936178,77.637187,12.978037,77.512814,0
usr595,rider,0,12.925448,77.696671,12.847708,77.544107,0
usr596,rider,0,12.927581,77.651315,12.951362,77.651133,0
usr597,rider,0,12.909787,77.671738,12.997739,77.602132,0
usr598,rider,0,12.995664,77.507223,12.911393,77.537328,0
usr599,rider,0,12.806742,77.542764,12.885694,77.675015,0
usr600,rider,0,12.823121,77.5468,12.907911,77.529208,0
